{"cameraMode":{"drawMode":0,"name":"Shaded","section":"Shading Mode"},"sceneLighting":true,"audioPlay":false,"sceneViewState":{"showFog":true,"showMaterialUpdate":true,"showSkybox":true,"showFlares":true,"showImageEffects":true,"showParticleSystems":true},"in2DMode":false,"pivot":{"x":1749.693115234375,"y":902.39208984375,"z":-140.66883850097657},"rotation":{"x":0.15949375927448274,"y":-0.012736940756440163,"z":-0.0020584892481565477,"w":-0.9871199727058411},"size":505.2735595703125,"orthographic":false}