{"cameraMode":{"drawMode":0,"name":"Shaded","section":"Shading Mode"},"sceneLighting":true,"audioPlay":false,"sceneViewState":{"showFog":true,"showMaterialUpdate":true,"showSkybox":true,"showFlares":true,"showImageEffects":true,"showParticleSystems":true},"in2DMode":false,"pivot":{"x":-0.6157405376434326,"y":-5.197269439697266,"z":-0.3522907793521881},"rotation":{"x":0.15949375927448274,"y":-0.012736940756440163,"z":-0.0020584892481565477,"w":-0.9871199727058411},"size":1.5346968173980713,"orthographic":false}