{"cameraMode":{"drawMode":0,"name":"Shaded","section":"Shading Mode"},"sceneLighting":true,"audioPlay":false,"sceneViewState":{"showFog":true,"showMaterialUpdate":true,"showSkybox":true,"showFlares":true,"showImageEffects":true,"showParticleSystems":true},"in2DMode":false,"pivot":{"x":746.9898681640625,"y":1038.8656005859375,"z":-0.404607892036438},"rotation":{"x":0.15949375927448274,"y":-0.012736940756440163,"z":-0.0020584892481565477,"w":-0.9871199727058411},"size":537.2011108398438,"orthographic":false}