{"cameraMode":{"drawMode":0,"name":"Shaded","section":"Shading Mode"},"sceneLighting":true,"audioPlay":false,"sceneViewState":{"showFog":true,"showMaterialUpdate":true,"showSkybox":true,"showFlares":true,"showImageEffects":true,"showParticleSystems":true},"in2DMode":false,"pivot":{"x":-0.20150503516197205,"y":-1.9730424880981446,"z":-1.4331773519515992},"rotation":{"x":0.15949375927448274,"y":-0.012736940756440163,"z":-0.0020584892481565477,"w":-0.9871199727058411},"size":24.932458877563478,"orthographic":false}