{"cameraMode":{"drawMode":0,"name":"Shaded","section":"Shading Mode"},"sceneLighting":true,"audioPlay":false,"sceneViewState":{"showFog":true,"showMaterialUpdate":true,"showSkybox":true,"showFlares":true,"showImageEffects":true,"showParticleSystems":true},"in2DMode":false,"pivot":{"x":1349.991455078125,"y":1001.8574829101563,"z":-63.555030822753909},"rotation":{"x":0.15949375927448274,"y":-0.012736940756440163,"z":-0.0020584892481565477,"w":-0.9871199727058411},"size":221.36795043945313,"orthographic":false}